{
  "project_info": {
    "project_number": "60403715961",
    "project_id": "domesticus-4997e",
    "storage_bucket": "domesticus-4997e.appspot.com"
  },
  "client": [
    {
      "client_info": {
        "mobilesdk_app_id": "1:60403715961:android:e40595099710d077f369a8",
        "android_client_info": {
          "package_name": "br.com.nery.app"
        }
      },
      "oauth_client": [
        {
          "client_id": "60403715961-h2dk13i6n6mamloniqb0hoqjrda40hvi.apps.googleusercontent.com",
          "client_type": 3
        }
      ],
      "api_key": [
        {
          "current_key": "AIzaSyBJNTLD3bsZVFvsdwATfO7GQwh3YfgIgwU"
        }
      ],
      "services": {
        "appinvite_service": {
          "other_platform_oauth_client": [
            {
              "client_id": "60403715961-h2dk13i6n6mamloniqb0hoqjrda40hvi.apps.googleusercontent.com",
              "client_type": 3
            }
          ]
        }
      }
    }
  ],
  "configuration_version": "1"
}